Workbook

Sheet Tracker
A1: # | B1: Date Found | C1: Company | D1: Role | E1: Location | F1: Work Mode | G1: Experience Req. | H1: Salary | I1: Posted | J1: Source | K1: Apply Link | L1: Fit Score (/10) | M1: Recommendation | N1: Matching Strengths | O1: Gaps | P1: Status | Q1: Date Applied | R1: Follow-up Date | S1: Response / Next Step | T1: Notes
A2: 1 | B2: 2026-10-12 | C2: Madariz Impex (Filumart.com) | D2: AI / ML Engineer – LLM & AI Agents | E2: Aluva / Ernakulam, Kerala | F2: On-site | G2: 1–2 yrs | H2: ₹25k–45k / month | I2: 2026-09-25 | J2: Indeed | K2: Open posting | L2: 8.5 | M2: APPLY | N2: LLM apps, AI agents, LangChain/LangGraph, structured outputs, FastAPI, Docker, Python, SQL – near-exact match; experience band fits | O2: LoRA/QLoRA fine-tuning, Azure, TypeScript, MongoDB/Redis | P2: To apply | R2: =IF(Q2="","",Q2+7) | T2: Closest location to Kochi. Lead with agentic pipeline + self-correction loops.
A3: 2 | B3: 2026-10-12 | C3: Nuraview AI & Automations | D3: Junior AI Engineer | E3: Remote (India) | F3: Remote | G3: 0–2 yrs | H3: Not disclosed | I3: 2026-09-28 | J3: Indeed | K3: Open posting | L3: 8 | M3: APPLY | N3: LLM APIs, prompt writing/testing, Python, REST/JSON, SQL, FastAPI, Docker, Git, GitHub projects | O3: Sales-automation domain (CRM/WhatsApp integrations) | P3: To apply | R3: =IF(Q3="","",Q3+7) | T3: Posting asks you to CONFIRM in the application that you are comfortable working fully remote.
A4: 3 | B4: 2026-10-12 | C4: Infosys | D4: AI Engineer (LLM / NLP – Voice & Chat) | E4: Bengaluru, Karnataka | F4: Not stated | G4: 1+ yrs | H4: Not disclosed | I4: 2026-10-03 | J4: Indeed | K4: Open posting | L4: 7.5 | M4: APPLY | N4: Python, SQL, LLM prompt engineering, RAG, LangChain, LangGraph (agentic), vector DBs (ChromaDB) | O4: IVR/voice systems, text clustering, LLMOps tooling (MLflow/W&B) | P4: To apply | R4: =IF(Q4="","",Q4+7) | T4: Requires relocation to Bengaluru.
A5: 4 | B5: 2026-10-12 | C5: Dextora AI Education | D5: AI/ML Engineer (LLM & RAG) | E5: Remote (India) | F5: Remote | G5: 1–3 yrs | H5: ₹15k–20k / month | I5: 2026-09-27 | J5: Indeed | K5: Open posting | L5: 7.5 | M5: APPLY (check pay) | N5: LLMs incl. Qwen, vLLM, RAG, ChromaDB, LangChain, prompt engineering, FastAPI, knowledge graphs/GraphRAG, Docker | O5: LLM fine-tuning, reranking/hybrid search, LangSmith/W&B | P5: To apply | R5: =IF(Q5="","",Q5+7) | T5: Skills match is strong but stated pay is low – likely below current salary. Decide before applying.
A6: 5 | B6: 2026-10-12 | C6: Techolution | D6: (Associate) AI Python Engineer | E6: Remote (India) | F6: Remote | G6: Not stated (associate) | H6: Not disclosed | I6: 2026-10-08 | J6: Indeed | K6: Open posting | L6: 7 | M6: APPLY | N6: Python, FastAPI, microservices, Docker, GenAI integration, LLM evaluation & optimisation | O6: GCP, Redis/caching, Pydantic/OOP not explicit on CV | P6: To apply | R6: =IF(Q6="","",Q6+7)
A7: 6 | B7: 2026-10-12 | C7: Litmus7 System Consulting | D7: AI Engineer | E7: Thiruvananthapuram, Kerala | F7: Not stated | G7: Not stated | H7: Not disclosed | I7: 2026-07-01 | J7: Indeed | K7: Open posting | L7: 6.5 | M7: CONSIDER | N7: DL/ML models, LLM use cases with guardrails, research/literature review (publication), debugging ML | O7: LLMOps tooling; posting is ~3 months old – may be filled | P7: To apply | R7: =IF(Q7="","",Q7+7)
A8: 7 | B8: 2026-10-12 | C8: Aigist24 Technologies | D8: ML Engineer (MLOps / GenAI on AWS) | E8: Kochi, Kerala | F8: On-site (US shift 3 PM–12 AM IST) | G8: Not stated | H8: From ₹3.5 LPA | I8: 2026-10-09 | J8: Indeed | K8: Open posting | L8: 6.5 | M8: CONSIDER | N8: Python, PySpark, SQL, PyTorch/TensorFlow, LLMs, RAG, prompt engineering, AI agents, Git, Power BI | O8: AWS (Bedrock, SageMaker, S3), Databricks, Airflow, GitHub Actions, MLOps monitoring | P8: Considering | R8: =IF(Q8="","",Q8+7) | T8: Night shift (dinner + transport provided). Pay floor is low.
A9: 8 | B9: 2026-10-12 | C9: Honeywell | D9: AI Engineer II (GenAI / Agentic AI) | E9: Bengaluru, Karnataka | F9: Not stated | G9: 3–6 yrs | H9: Not disclosed | I9: 2026-09-17 | J9: Indeed | K9: Open posting | L9: 6 | M9: STRETCH | N9: VLMs (Qwen vision), self-correction & failure-recovery loops, structured outputs, LangGraph, on-prem LLM deployment – very strong skills overlap | O9: Experience (~1.5–2 yrs vs 3–6), cloud platform, team supervision | P9: Considering | R9: =IF(Q9="","",Q9+7) | T9: Skills overlap is unusually good – worth a stretch application.
A10: 9 | B10: 2026-10-12 | C10: IntrCity by RailYatri | D10: Python Developer — AI & Data | E10: Kochi, Kerala | F10: On-site | G10: 3+ yrs Python (required) | H10: Not disclosed | I10: 2026-08-05 | J10: Indeed | K10: Open posting | L10: 6 | M10: STRETCH | N10: RAG, guardrails, evaluation, FastAPI, Pandas/NumPy, vLLM/local LLMs (bonus), Docker | O10: 3 yrs backend Python required, MySQL/BigQuery, auth/security | P10: Considering | R10: =IF(Q10="","",Q10+7) | T10: Application asks for expected CTC.
A11: 10 | B11: 2026-10-12 | C11: Infosys | D11: Python ML / GenAI | E11: Bengaluru, Karnataka | F11: Not stated | G11: 3–5 yrs | H11: Not disclosed | I11: 2026-09-28 | J11: Indeed | K11: Open posting | L11: 5.5 | M11: STRETCH | N11: Python ML, NLP pipelines, LangChain, vector DBs, PyTorch, RAG | O11: 3–5 yrs required, MLOps/monitoring | P11: Considering | R11: =IF(Q11="","",Q11+7)
A12: 11 | B12: 2026-10-12 | C12: Worldwide Clinical Trials | D12: AI Prompt Engineer (Commercial) | E12: Thiruvananthapuram, Kerala | F12: Not stated | G12: 2+ yrs prompt fluency | H12: Not disclosed | I12: 2026-08-12 | J12: Indeed | K12: Open posting | L12: 5 | M12: CONSIDER | N12: Structured multi-step prompt systems, Claude Certified Developer, regulated clinical/pharma domain | O12: Non-engineering commercial role: proposals/RFP, pricing, Salesforce, enablement | P12: Considering | R12: =IF(Q12="","",Q12+7) | T12: Different career track (business, not engineering).
A13: 12 | B13: 2026-10-12 | C13: Lightrains Technolabs | D13: Generative AI Engineer | E13: Thiruvananthapuram, Kerala | F13: Not stated | G13: 3+ yrs | H13: Not disclosed | I13: 2026-07-17 | J13: Indeed | K13: Open posting | L13: 5 | M13: STRETCH | N13: RAG, agentic workflows, multimodal AI, PyTorch, REST deployment | O13: 3+ yrs, LoRA/PEFT/RLHF fine-tuning | P13: Considering | R13: =IF(Q13="","",Q13+7) | T13: Applies via email template on their site.
A14: 13 | B14: 2026-10-12 | C14: Boston Consulting Group (BCG X) | D14: Delivery AI Software Engineer | E14: Bengaluru / Gurgaon | F14: Not stated | G14: 2–4 yrs | H14: Not disclosed | I14: 2026-10-08 | J14: Indeed | K14: Open posting | L14: 4.5 | M14: SKIP | N14: LLM apps, LangChain/LangGraph, function calling, FastAPI | O14: Full-stack web (React/Angular/TS) is core; consulting experience | P14: Skipped | R14: =IF(Q14="","",Q14+7)
A15: 14 | B15: 2026-10-12 | C15: Albetech Software Solutions | D15: AI / Data Engineer | E15: Pattom, Thiruvananthapuram | F15: On-site | G15: 3–6 yrs | H15: ₹50k–100k / month | I15: 2026-10-07 | J15: Indeed | K15: Open posting | L15: 4.5 | M15: SKIP | N15: M.Sc CS, data engineering | O15: Requires cloud data-engineering/ML certification + 3 yrs | P15: Skipped | R15: =IF(Q15="","",Q15+7)
A16: 15 | B16: 2026-10-12 | C16: Solventum (ex-3M Health Care) | D16: AI/ML Engineer | E16: Bengaluru, Karnataka | F16: Hybrid | G16: 5–10 yrs | H16: Not disclosed | I16: 2026-10-07 | J16: Indeed | K16: Open posting | L16: 4 | M16: SKIP | N16: Healthcare/regulated domain, LLM/RAG/agents, M.Sc | O16: 5–10 yrs required | P16: Skipped | R16: =IF(Q16="","",Q16+7)
A17: 16 | B17: 2026-10-12 | C17: FuGenEd | D17: LLM Engineer | E17: Remote (India) | F17: Remote | G17: 4+ yrs | H17: ₹80k–100k / month | I17: 2026-07-30 | J17: Indeed | K17: Open posting | L17: 4 | M17: SKIP | N17: LangGraph, RAG, ChromaDB, function calling | O17: 4+ yrs, UAN/BGV required | P17: Skipped | R17: =IF(Q17="","",Q17+7)
A18: 17 | B18: 2026-10-12 | C18: GrayMatter Software Services | D18: AI Engineer (mid-level) | E18: Bengaluru, Karnataka | F18: Not stated | G18: 3–5 yrs | H18: Not disclosed | I18: 2026-03-02 | J18: Indeed | K18: Open posting | L18: 4 | M18: SKIP | N18: Python ML, EDA, time-series forecasting | O18: 3+ production use cases, mentoring, K8s/SageMaker; old posting | P18: Skipped | R18: =IF(Q18="","",Q18+7)
A19: 18 | B19: 2026-10-12 | C19: UST | D19: ML Engineer II (Python & GenAI) | E19: Thiruvananthapuram, Kerala | F19: Not stated | G19: 5+ yrs | H19: Not disclosed | I19: 2026-09-08 | J19: Indeed | K19: Open posting | L19: 3.5 | M19: SKIP | N19: Python, FastAPI, GenAI | O19: 5+ yrs backend | P19: Skipped | R19: =IF(Q19="","",Q19+7)
A20: 19 | B20: 2026-10-12 | C20: iDatalytics Technologies | D20: AI Engineer | E20: Kochi, Kerala | F20: On-site | G20: 4–5 yrs | H20: Not disclosed | I20: 2026-06-23 | J20: Indeed | K20: Open posting | L20: 3.5 | M20: SKIP | N20: LangChain, PyTorch, LLM prototyping | O20: 4–5 yrs SWE, C#/Java | P20: Skipped | R20: =IF(Q20="","",Q20+7)
A21: 20 | B21: 2026-10-12 | C21: Accenture | D21: AI / ML Engineer | E21: Bengaluru, Karnataka | F21: Not stated | G21: 18 yrs | H21: Not disclosed | I21: 2026-09-10 | J21: Indeed | K21: Open posting | L21: 1 | M21: SKIP | N21: LLMs | O21: Senior SME role, 18 yrs | P21: Skipped | R21: =IF(Q21="","",Q21+7)

Sheet Summary
A1: Job Search Summary – Thejas Haridas
A2: Target: AI/ML Engineer · LLM / GenAI Engineer · Kerala, Bengaluru, Remote (India)
A4: Status | B4: Count
A5: To apply | B5: =COUNTIF(Tracker!P:P,"To apply")
A6: Considering | B6: =COUNTIF(Tracker!P:P,"Considering")
A7: Applied | B7: =COUNTIF(Tracker!P:P,"Applied")
A8: Interviewing | B8: =COUNTIF(Tracker!P:P,"Interviewing")
A9: Offer | B9: =COUNTIF(Tracker!P:P,"Offer")
A10: Rejected | B10: =COUNTIF(Tracker!P:P,"Rejected")
A11: Withdrawn | B11: =COUNTIF(Tracker!P:P,"Withdrawn")
A12: Skipped | B12: =COUNTIF(Tracker!P:P,"Skipped")
A13: Total tracked | B13: =COUNTA(Tracker!C2:C500)
A15: Recommendation | B15: Count
A16: APPLY | B16: =COUNTIF(Tracker!M:M,"APPLY*")
A17: CONSIDER | B17: =COUNTIF(Tracker!M:M,"CONSIDER")
A18: STRETCH | B18: =COUNTIF(Tracker!M:M,"STRETCH")
A19: SKIP | B19: =COUNTIF(Tracker!M:M,"SKIP")
A21: Average fit score | B21: =ROUND(AVERAGE(Tracker!L2:L500),1)

Sheet Search Log
A1: Date | B1: Source | C1: Query | D1: Location | E1: Result
A2: 2026-10-12 | B2: Indeed | C2: AI ML Engineer LLM | D2: Kochi, Kerala | E2: OK
A3: 2026-10-12 | B3: Indeed | C3: Machine Learning Engineer | D3: Thiruvananthapuram, Kerala | E3: OK
A4: 2026-10-12 | B4: Indeed | C4: Generative AI Engineer | D4: Bengaluru, Karnataka | E4: OK
A5: 2026-10-12 | B5: Indeed | C5: Junior AI Engineer LLM RAG | D5: Bengaluru, Karnataka | E5: OK
A6: 2026-10-12 | B6: Indeed | C6: LLM Engineer | D6: Remote (India) | E6: OK
A7: 2026-10-12 | B7: Indeed | C7: Data Scientist GenAI | D7: Kochi, Kerala | E7: OK
A8: 2026-10-12 | B8: LinkedIn (ai-job-search linkedin-search) | C8: AI/ML Engineer, LLM Engineer, GenAI Engineer | D8: Kochi / Bengaluru / India | E8: Blocked – 403 from sandbox network policy
A9: 2026-10-12 | B9: freehire.me (ai-job-search freehire-search) | C9: category ml_ai, country IN; LLM remote | D9: India / Remote | E9: Blocked – 403 from sandbox network policy
